1,Dulce,Abril,3194743,Female,13/08/2002
2,Mara,Hashimoto,3500040,Female,13/11/1997
3,Philip,Gent,5409707,Male,11/04/1999
4,Kathleen,Hanner,3316774,Female,01/05/1999
5,Nereida,Magwood,4000401,Female,05/04/2004
6,Gaston,Brumm,4009206,Male,08/09/2003
7,Etta,Hurn,3818425,Female,01/05/1997
8,Earlean,Melgar,3468678,Female,03/10/1997
9,Vincenza,Weiland,4328235,Female,24/02/2003
10,Fallon,Winward,3320984,Female,03/02/2001
11,Arcelia,Bouska,4403350,Female,24/08/2001
12,Franklyn,Unknow,4274468,Male,10/05/2004
13,Sherron,Ascencio,4382098,Female,29/05/1997
14,Marcel,Zabriskie,4877487,Male,12/01/2003
15,Kina,Hazelton,4505533,Female,01/05/2002
16,Shavonne,Pia,5891267,Female,07/08/2001
17,Shavon,Benito,3444762,Female,14/01/1997
18,Lauralee,Perrine,3691443,Female,13/03/2000
19,Loreta,Curren,3746144,Female,07/07/2004
20,Teresa,Strawn,5908354,Female,08/09/1998
21,Belinda,Partain,4735792,Female,03/09/2003
22,Holly,Eudy,3883677,Female,07/01/2002
23,Many,Cuccia,3849603,Female,01/05/2003
24,Libbie,Dalby,3022211,Female,22/06/2001
25,Lester,Prothro,4751662,Male,08/11/2001
26,Marvel,Hail,4045710,Female,12/05/1998
27,Angelyn,Vong,3163600,Female,20/02/1999
28,Francesca,Beaudreau,3027940,Female,07/09/1998
29,Garth,Gangi,3050152,Male,21/09/1998
30,Carla,Trumbull,5834938,Female,20/02/2003
31,Veta,Muntz,4465506,Female,03/07/1998
32,Stasia,Becker,3622729,Female,15/10/2004
33,Jona,Grindle,3745102,Female,28/06/1999
34,Judie,Claywell,4571740,Female,03/11/2004
35,Dewitt,Borger,4782384,Male,08/07/2003
36,Nena,Hacker,4448380,Female,20/02/2004
37,Kelsie,Wachtel,3282502,Female,05/04/1998
38,Sau,Pfau,3040472,Female,24/06/1999
39,Shanice,Mccrystal,4544410,Female,10/10/1999
40,Chase,Karner,3363375,Male,18/11/2000
41,Tommie,Underdahl,4086725,Male,16/08/1999
42,Dorcas,Darity,3092843,Female,16/02/2003
43,Angel,Sanor,3462925,Male,14/03/1997
44,Willodean,Harn,5418811,Female,01/06/2000
45,Weston,Martina,5962701,Male,27/05/2003
46,Roma,Lafollette,5349599,Female,11/08/1997
47,Felisa,Cail,5583354,Female,02/05/2001
48,Demetria,Abbey,4583824,Female,02/04/1998
49,Jeromy,Danz,5857068,Male,15/12/2003
50,Rasheeda,Alkire,5838635,Female,10/01/2004
51,Dulce,Abril,3734423,Female,16/03/1997
52,Mara,Hashimoto,3629999,Female,27/09/2000
53,Philip,Gent,3551451,Male,11/10/1997
54,Kathleen,Hanner,5263982,Female,04/11/2002
55,Nereida,Magwood,3487245,Female,20/10/1999
56,Gaston,Brumm,4765788,Male,10/10/2001
57,Etta,Hurn,4384842,Female,19/05/1999
58,Earlean,Melgar,5514619,Female,19/12/2002
59,Vincenza,Weiland,4653036,Female,24/03/2002
60,Fallon,Winward,5773863,Female,09/09/1999
61,Arcelia,Bouska,5218995,Female,29/11/1998
62,Franklyn,Unknow,3900169,Male,27/10/1997
63,Sherron,Ascencio,5340535,Female,02/09/2003
64,Marcel,Zabriskie,4966547,Male,28/10/1998
65,Kina,Hazelton,5664720,Female,01/10/2004
66,Shavonne,Pia,5663953,Female,27/01/2000
67,Shavon,Benito,3236125,Female,18/02/2003
68,Lauralee,Perrine,5719119,Female,27/01/1998
69,Loreta,Curren,5213278,Female,25/03/2003
70,Teresa,Strawn,3664884,Female,21/07/1997
71,Belinda,Partain,4818365,Female,12/08/2003
72,Holly,Eudy,4100254,Female,27/12/2002
73,Many,Cuccia,4301959,Female,24/10/2002
74,Libbie,Dalby,4569809,Female,04/08/1999
75,Lester,Prothro,4997972,Male,18/12/2000
76,Marvel,Hail,4398724,Female,18/05/2000
77,Angelyn,Vong,5120375,Female,11/04/1999
78,Francesca,Beaudreau,4681433,Female,08/11/2000
79,Garth,Gangi,4421843,Male,06/02/2000
80,Carla,Trumbull,4898243,Female,08/10/1999
81,Veta,Muntz,3498796,Female,30/11/1997
82,Stasia,Becker,5583015,Female,17/04/1999
83,Jona,Grindle,5601881,Female,28/04/2001
84,Judie,Claywell,5475928,Female,12/09/1998
85,Dewitt,Borger,3483169,Male,21/10/2001
86,Nena,Hacker,4149573,Female,28/09/1997
87,Kelsie,Wachtel,5970897,Female,25/07/2000
88,Sau,Pfau,3991101,Female,08/06/1999
89,Shanice,Mccrystal,5819933,Female,14/11/2001
90,Chase,Karner,3909363,Male,05/02/2004
91,Tommie,Underdahl,4228466,Male,28/09/1997
92,Dorcas,Darity,5292351,Female,18/09/1999
93,Angel,Sanor,3466880,Male,14/01/2002
94,Willodean,Harn,5794460,Female,14/01/2004
95,Weston,Martina,5653496,Male,24/06/1998
96,Roma,Lafollette,3238704,Female,29/01/2001
97,Felisa,Cail,4104760,Female,16/05/1997
98,Demetria,Abbey,4459777,Female,10/07/1998
99,Jeromy,Danz,3911379,Male,30/03/1999
100,Rasheeda,Alkire,5201607,Female,30/11/2000
101,Dulce,Abril,5798219,Female,20/10/2000
102,Mara,Hashimoto,3368406,Female,17/03/1999
103,Philip,Gent,3278667,Male,05/08/1997
104,Kathleen,Hanner,4536048,Female,11/07/2000
105,Nereida,Magwood,5068306,Female,02/07/1997
106,Gaston,Brumm,3363324,Male,14/10/2002
107,Etta,Hurn,3343728,Female,02/01/2004
108,Earlean,Melgar,4647065,Female,14/01/2000
109,Vincenza,Weiland,3953249,Female,07/06/2000
110,Fallon,Winward,3609945,Female,08/11/2003
111,Arcelia,Bouska,4583944,Female,27/08/2002
112,Franklyn,Unknow,3556223,Male,27/06/1999
113,Sherron,Ascencio,3942811,Female,11/07/1999
114,Marcel,Zabriskie,3124026,Male,18/08/2002
115,Kina,Hazelton,4018155,Female,04/10/2003
116,Shavonne,Pia,4230333,Female,10/06/1998
117,Shavon,Benito,4968996,Female,20/07/2002
118,Lauralee,Perrine,3696496,Female,27/11/2004
119,Loreta,Curren,3077923,Female,07/05/2004
120,Teresa,Strawn,4844083,Female,10/12/2001
121,Belinda,Partain,3912810,Female,12/07/2003
122,Holly,Eudy,3879372,Female,07/06/2004
123,Many,Cuccia,5378981,Female,04/01/1999
124,Libbie,Dalby,3017791,Female,28/10/2001
125,Lester,Prothro,3773447,Male,15/02/2003
126,Marvel,Hail,5788668,Female,30/03/2001
127,Angelyn,Vong,3844638,Female,25/08/2004
128,Francesca,Beaudreau,5477794,Female,20/09/2004
129,Garth,Gangi,4198705,Male,14/11/1998
130,Carla,Trumbull,4561898,Female,19/04/2002
131,Veta,Muntz,4472217,Female,14/05/1998
132,Stasia,Becker,3038904,Female,26/12/1999
133,Jona,Grindle,5662062,Female,01/03/2002
134,Judie,Claywell,5353674,Female,07/09/1999
135,Dewitt,Borger,4917437,Male,11/09/2004
136,Nena,Hacker,4901473,Female,07/03/1999
137,Kelsie,Wachtel,5769331,Female,12/03/2002
138,Sau,Pfau,4614100,Female,14/09/1999
139,Shanice,Mccrystal,4570937,Female,16/09/2000
140,Chase,Karner,5148643,Male,31/03/2003
141,Tommie,Underdahl,4787804,Male,26/09/2001
142,Dorcas,Darity,4105122,Female,07/10/2001
143,Angel,Sanor,5409077,Male,28/04/2000
144,Willodean,Harn,3730811,Female,15/03/1999
145,Weston,Martina,5187670,Male,10/10/2000
146,Roma,Lafollette,3210590,Female,04/09/2002
147,Felisa,Cail,4298314,Female,02/03/1997
148,Demetria,Abbey,4462356,Female,12/10/2000
149,Jeromy,Danz,5185315,Male,26/12/2004
150,Rasheeda,Alkire,5065180,Female,28/02/1997
151,Dulce,Abril,3288662,Female,16/10/2001
152,Mara,Hashimoto,4941194,Female,10/11/1998
153,Philip,Gent,5323742,Male,24/06/1997
154,Kathleen,Hanner,5371719,Female,11/11/1998
155,Nereida,Magwood,3011813,Female,02/08/1997
156,Gaston,Brumm,4796502,Male,27/03/2004
157,Etta,Hurn,4489586,Female,17/04/2003
158,Earlean,Melgar,5657653,Female,08/06/1999
159,Vincenza,Weiland,4564681,Female,05/02/2003
160,Fallon,Winward,4380284,Female,27/08/2001
161,Arcelia,Bouska,5292477,Female,14/12/1997
162,Franklyn,Unknow,5766573,Male,15/01/2001
163,Sherron,Ascencio,5501729,Female,30/04/1999
164,Marcel,Zabriskie,5246241,Male,12/04/2001
165,Kina,Hazelton,5668701,Female,04/08/2001
166,Shavonne,Pia,4874508,Female,10/02/2000
167,Shavon,Benito,4267591,Female,10/07/1999
168,Lauralee,Perrine,4574381,Female,27/08/2000
169,Loreta,Curren,4543176,Female,28/02/2001
170,Teresa,Strawn,4285432,Female,06/05/1998
171,Belinda,Partain,5949331,Female,10/08/2004
172,Holly,Eudy,4011341,Female,04/12/2004
173,Many,Cuccia,3925926,Female,06/09/2002
174,Libbie,Dalby,4131711,Female,29/07/2001
175,Lester,Prothro,3845075,Male,10/11/1997
176,Marvel,Hail,5170324,Female,02/11/2002
177,Angelyn,Vong,4421996,Female,08/08/2002
178,Francesca,Beaudreau,4839316,Female,22/01/2003
179,Garth,Gangi,4429241,Male,05/05/2004
180,Carla,Trumbull,3174223,Female,28/02/2001
181,Veta,Muntz,3070130,Female,03/04/1999
182,Stasia,Becker,4461565,Female,01/10/2004
183,Jona,Grindle,3431483,Female,17/02/1998
184,Judie,Claywell,4321234,Female,01/04/2001
185,Dewitt,Borger,5353431,Male,28/11/1997
186,Nena,Hacker,3805783,Female,08/02/1999
187,Kelsie,Wachtel,5692750,Female,25/10/1997
188,Sau,Pfau,3475137,Female,16/04/2004
189,Shanice,Mccrystal,3165583,Female,14/01/2002
190,Chase,Karner,5000901,Male,05/06/1997
191,Tommie,Underdahl,3071503,Male,31/03/2004
192,Dorcas,Darity,5412497,Female,25/11/2000
193,Angel,Sanor,3723486,Male,18/11/2004
194,Willodean,Harn,4364291,Female,25/12/1999
195,Weston,Martina,3221000,Male,28/05/1997
196,Roma,Lafollette,3258775,Female,02/11/1997
197,Felisa,Cail,4369718,Female,04/07/2003
198,Demetria,Abbey,3779309,Female,10/08/1997
199,Jeromy,Danz,5361108,Male,17/11/1997
200,Rasheeda,Alkire,5908359,Female,07/10/2004
201,Dulce,Abril,3156470,Female,10/03/2002
202,Mara,Hashimoto,4647405,Female,06/12/2004
203,Philip,Gent,4773311,Male,11/07/2002
204,Kathleen,Hanner,3097028,Female,18/01/2002
205,Nereida,Magwood,4885495,Female,11/04/2003
206,Gaston,Brumm,3656242,Male,07/08/2000
207,Etta,Hurn,4067460,Female,19/05/2003
208,Earlean,Melgar,5522320,Female,31/03/1997
209,Vincenza,Weiland,4832869,Female,10/07/1999
210,Fallon,Winward,5851800,Female,16/07/2003
211,Arcelia,Bouska,4564865,Female,17/10/2003
212,Franklyn,Unknow,3890320,Male,10/11/2002
213,Sherron,Ascencio,4405049,Female,30/06/2003
214,Marcel,Zabriskie,3327077,Male,17/07/1999
215,Kina,Hazelton,5701039,Female,22/06/2004
216,Shavonne,Pia,5703552,Female,01/05/2000
217,Shavon,Benito,4652325,Female,24/07/1999
218,Lauralee,Perrine,4229882,Female,24/10/2003
219,Loreta,Curren,4129817,Female,14/02/2002
220,Teresa,Strawn,4340475,Female,08/04/1997
221,Belinda,Partain,4222556,Female,29/03/2001
222,Holly,Eudy,5595529,Female,11/01/1999
223,Many,Cuccia,3618258,Female,04/09/2001
224,Libbie,Dalby,4286549,Female,13/01/1999
225,Lester,Prothro,3920697,Male,12/02/2000
226,Marvel,Hail,3170284,Female,20/01/2002
227,Angelyn,Vong,5942828,Female,24/08/2004
228,Francesca,Beaudreau,5198995,Female,21/12/1997
229,Garth,Gangi,3413421,Male,09/01/2004
230,Carla,Trumbull,4147909,Female,20/02/2004
231,Veta,Muntz,4106330,Female,30/06/2001
232,Stasia,Becker,4024775,Female,24/10/1999
233,Jona,Grindle,3613807,Female,13/05/1997
234,Judie,Claywell,3054169,Female,27/07/2003
235,Dewitt,Borger,3366310,Male,27/08/2003
236,Nena,Hacker,5045007,Female,08/08/2002
237,Kelsie,Wachtel,5172176,Female,26/02/2003
238,Sau,Pfau,3623253,Female,04/06/2000
239,Shanice,Mccrystal,4371647,Female,24/07/2003
240,Chase,Karner,4118658,Male,12/05/2001
241,Tommie,Underdahl,4986207,Male,06/07/2002
242,Dorcas,Darity,4964172,Female,11/10/2001
243,Angel,Sanor,5070817,Male,20/06/1998
244,Willodean,Harn,4969623,Female,08/06/1997
245,Weston,Martina,3165807,Male,26/05/2004
246,Roma,Lafollette,5266841,Female,17/08/2003
247,Felisa,Cail,5104416,Female,26/05/2003
248,Demetria,Abbey,3404252,Female,02/09/1999
249,Jeromy,Danz,4726673,Male,30/04/2000
250,Rasheeda,Alkire,5170782,Female,24/10/2004
251,Dulce,Abril,5796942,Female,14/10/2003
252,Mara,Hashimoto,4896248,Female,08/09/2000
253,Philip,Gent,5429787,Male,01/07/1999
254,Kathleen,Hanner,5680212,Female,25/06/2004
255,Nereida,Magwood,4298727,Female,01/01/1998
256,Gaston,Brumm,4897217,Male,29/07/1998
257,Etta,Hurn,4722669,Female,17/07/1998
258,Earlean,Melgar,3898636,Female,12/07/2002
259,Vincenza,Weiland,4051353,Female,08/12/2000
260,Fallon,Winward,4200664,Female,27/07/2000
261,Arcelia,Bouska,3574328,Female,04/10/2000
262,Franklyn,Unknow,5024838,Male,22/10/2001
263,Sherron,Ascencio,3975021,Female,16/02/1998
264,Marcel,Zabriskie,5329968,Male,18/05/2000
265,Kina,Hazelton,5562597,Female,21/01/1997
266,Shavonne,Pia,5235012,Female,23/12/2003
267,Shavon,Benito,4695196,Female,21/03/1997
268,Lauralee,Perrine,3087962,Female,18/11/1997
269,Loreta,Curren,3167866,Female,06/07/2003
270,Teresa,Strawn,4475608,Female,31/10/1998
271,Belinda,Partain,5523320,Female,09/01/2002
272,Holly,Eudy,3435945,Female,25/05/2004
273,Many,Cuccia,3851449,Female,24/09/1997
274,Libbie,Dalby,3128904,Female,10/10/2002
275,Lester,Prothro,5640434,Male,20/02/2003
276,Marvel,Hail,4793604,Female,14/11/2001
277,Angelyn,Vong,4339734,Female,17/08/2002
278,Francesca,Beaudreau,5347897,Female,24/09/2001
279,Garth,Gangi,3479494,Male,24/09/2001
280,Carla,Trumbull,5085925,Female,01/09/2003
281,Veta,Muntz,4267491,Female,22/06/2004
282,Stasia,Becker,5487835,Female,08/09/1999
283,Jona,Grindle,4632381,Female,27/02/2001
284,Judie,Claywell,5686190,Female,19/11/2004
285,Dewitt,Borger,5343380,Male,01/05/1997
286,Nena,Hacker,4422469,Female,19/04/1998
287,Kelsie,Wachtel,4880968,Female,17/10/2003
288,Sau,Pfau,5612580,Female,07/09/2003
289,Shanice,Mccrystal,4944305,Female,23/12/2002
290,Chase,Karner,3493856,Male,23/06/1997
291,Tommie,Underdahl,4311988,Male,31/08/2001
292,Dorcas,Darity,4052621,Female,01/04/1998
293,Angel,Sanor,3990544,Male,18/12/1998
294,Willodean,Harn,4727632,Female,27/11/1998
295,Weston,Martina,4239596,Male,23/01/1999
296,Roma,Lafollette,4014254,Female,01/09/1999
297,Felisa,Cail,3597136,Female,14/05/1997
298,Demetria,Abbey,5292829,Female,25/05/1999
299,Jeromy,Danz,4575611,Male,15/06/2003
300,Rasheeda,Alkire,5338107,Female,17/09/1999
301,Dulce,Abril,5681272,Female,24/03/1999
302,Mara,Hashimoto,3771614,Female,03/07/2004
303,Philip,Gent,3613257,Male,11/02/2004
304,Kathleen,Hanner,4932359,Female,02/12/1999
305,Nereida,Magwood,5332445,Female,31/07/2002
306,Gaston,Brumm,3092942,Male,26/07/2004
307,Etta,Hurn,5333795,Female,30/11/2003
308,Earlean,Melgar,3857210,Female,15/11/2002
309,Vincenza,Weiland,3726775,Female,12/03/1998
310,Fallon,Winward,3993549,Female,02/09/1999
311,Arcelia,Bouska,4284656,Female,01/11/2003
312,Franklyn,Unknow,5612926,Male,03/02/2003
313,Sherron,Ascencio,5900652,Female,21/03/2001
314,Marcel,Zabriskie,5986268,Male,24/10/2000
315,Kina,Hazelton,3707116,Female,09/04/1997
316,Shavonne,Pia,4340877,Female,27/11/2003
317,Shavon,Benito,3733582,Female,03/02/2000
318,Lauralee,Perrine,4441285,Female,18/07/2001
319,Loreta,Curren,5069516,Female,14/08/2002
320,Teresa,Strawn,3683222,Female,18/10/2000
321,Belinda,Partain,3176552,Female,11/04/2001
322,Holly,Eudy,5635059,Female,01/07/2004
323,Many,Cuccia,5773092,Female,27/11/1998
324,Libbie,Dalby,5680021,Female,05/09/1998
325,Lester,Prothro,5016280,Male,29/11/2003
326,Marvel,Hail,3400038,Female,06/08/2001
327,Angelyn,Vong,3357388,Female,19/04/1998
328,Francesca,Beaudreau,3071235,Female,11/01/2002
329,Garth,Gangi,3175987,Male,05/12/1998
330,Carla,Trumbull,3959802,Female,13/04/2004
331,Veta,Muntz,4351506,Female,26/12/2003
332,Stasia,Becker,5496598,Female,03/03/2002
333,Jona,Grindle,3650971,Female,03/03/1997
334,Judie,Claywell,4647306,Female,06/04/2001
335,Dewitt,Borger,5346470,Male,24/10/2003
336,Nena,Hacker,4145159,Female,02/06/1998
337,Kelsie,Wachtel,3577288,Female,22/03/1999
338,Sau,Pfau,5823482,Female,01/07/1998
339,Shanice,Mccrystal,3047782,Female,05/12/2003
340,Chase,Karner,5022610,Male,27/10/2004
341,Tommie,Underdahl,4112716,Male,12/01/2003
342,Dorcas,Darity,5871619,Female,23/08/1998
343,Angel,Sanor,5007771,Male,07/03/1997
344,Willodean,Harn,4391504,Female,01/03/2003
345,Weston,Martina,5572475,Male,05/07/2001
346,Roma,Lafollette,4917428,Female,23/07/2002
347,Felisa,Cail,3862674,Female,06/01/1998
348,Demetria,Abbey,5171215,Female,24/12/1998
349,Jeromy,Danz,3207312,Male,19/09/2000
350,Rasheeda,Alkire,3513384,Female,08/06/2002
